security,X_0,X_1,y,w,b,s
security_10,39841.94331354284,8869.74025190235,1.0,1.0,0.0,472803.4381155492
security_7,4350.309492528218,5364.745921819877,1.0,1.0,36823.767998521835,0.0
security_11,4790.519380489517,5641.72862717238,1.0,1.0,20850.933146808777,0.0
security_26,1634.4582779900124,1187.118212217319,1.0,1.0,0.0,54987.965518801815
security_21,1837.459489065308,2111.192484920977,1.0,1.0,22885.38033039954,0.0
security_28,1736.744186931201,1503.8695747027361,1.0,1.0,0.0,14715.74383984797
security_19,12194.049344794194,6217.132549548187,1.0,1.0,0.0,63655.88157548777
security_14,3353.363567242265,2291.080470821501,1.0,1.0,0.0,22250.119856938996
