security,X_0,X_1,y,w,b,s
security_10,39841.94331354284,8869.740251902374,1.0,1.0,0.0,472803.4381155489
security_7,4350.309492528218,5364.745921819832,1.0,1.0,36823.76799852024,0.0
security_11,4790.519380489517,5641.728627172367,1.0,1.0,20850.933146808453,0.0
security_26,1634.4582779900124,1187.1182122173152,1.0,1.0,0.0,54987.965518802324
security_21,1837.459489065308,2111.192484920987,1.0,1.0,22885.38033040039,0.0
security_28,1736.744186931201,1503.8695747027389,1.0,1.0,0.0,14715.743839847819
security_19,12194.049344794194,6217.132549548276,1.0,1.0,0.0,63655.88157548683
security_14,3353.363567242265,2291.0804708215155,1.0,1.0,0.0,22250.119856938694
